Time (UTC), Frequency (MHz),Level (dB/Hz)
1447999247.0, 868.0, -37.4672271523
1447999247.0, 878.041015625, -42.7910412278
1447999247.0, 890.21484375, -48.6701972862
1447999247.0, 890.36328125, -48.5179004445
1447999247.0, 890.216796875, -48.5837019451
